Company Name,Website,City,Segment,What They Make,Revenue Band,Decision-Maker,C1 Manufacturer,C2 India-Based,C3 Differentiated,C4 Technical DM,C5 Growing Sector,C6 Growth Signals,Federer Score,Overall Verdict,Personalisation Hook
Bharat Biotech,https://bharatbiotech.com,Hyderabad,Specialty Biotech,"Vaccines (Covaxin, Rotavirus, Typhoid conjugate)",>Rs.500Cr,Dr Krishna Ella (Founder – PhD Biotechnology),Strong,Strong,Strong,Strong,Strong,Strong,100,Federer,Covaxin scale-up created world-class GMP capacity that now needs new product lines to utilise
Biological E,https://biologicale.com,Hyderabad,Specialty Biotech,"Vaccines, biologics, pharma (Corbevax COVID vaccine)",>Rs.500Cr,Mahima Datla (MD – MSc Biotechnology),Strong,Strong,Strong,Strong,Strong,Strong,100,Federer,Massive Corbevax capacity; pivoting to next-gen biologics — ideal time for operational structuring
Indian Immunologicals,https://indianimmunologicals.com,Hyderabad,Specialty Biotech,"Animal & human vaccines (rabies, DPT)",Rs.200-500Cr,Dr K Anand Kumar (MD – MVSc Veterinary Science),Strong,Strong,Strong,Strong,Strong,Strong,100,Federer,NDDB subsidiary expanding human vaccine portfolio; complex multi-site ops need execution consulting
Laurus Labs,https://lauruslabs.com,Hyderabad,Specialty Biotech / CDMO,"APIs, FDFs, CDMO synthesis",>Rs.500Cr,Dr Satyanarayana Chava (Founder – PhD Organic Chemistry),Strong,Strong,Strong,Strong,Strong,Strong,100,Federer,Transitioning from ARV-heavy to diversified CDMO; operational complexity rising fast
Granules India,https://granulesindia.com,Hyderabad,Specialty Pharma / Biotech,"APIs, PFIs, FDs (paracetamol, metformin, guaifenesin)",>Rs.500Cr,Dr Krishna Prasad Chigurupati (CMD – PhD),Strong,Strong,Strong,Strong,Strong,Strong,100,Federer,Vertically integrated API-to-FD model with global scale — operational efficiency is the next moat
Shantha Biotechnics (Sanofi),https://shanthabiotech.com,Hyderabad,Specialty Biotech,"Recombinant Hepatitis B vaccine, combination vaccines",Rs.200-500Cr,Dr Kiran Agarwal (Site Head – PhD Microbiology),Strong,Strong,Strong,Strong,Strong,Moderate,95,Federer,Sanofi acquisition brought global SOPs but local execution still lags — consulting opportunity
Mylan Labs (Viatris),https://vfrx.com,Hyderabad,Specialty Pharma / Biotech,"Generic APIs, biosimilars, complex injectables",>Rs.500Cr,Rajiv Malik (President – B.Pharma + 30yr pharma),Strong,Strong,Strong,Moderate,Strong,Strong,95,Federer,Post-merger Viatris integration creating operational gaps in Hyderabad manufacturing units
Aurobindo Pharma,https://aurobindo.com,Hyderabad,Specialty Pharma,"APIs, formulations, semi-synthetic penicillins",>Rs.500Cr,K Nithyananda Reddy (Co-founder – M.Pharma),Strong,Strong,Strong,Moderate,Strong,Strong,95,Federer,Massive scale (24+ units) with differentiated semi-synthetic penicillin vertical
Hetero Drugs,https://heteroworld.com,Hyderabad,Specialty Pharma / Biotech,"APIs, biosimilars, formulations (ARVs)",>Rs.500Cr,Dr B Parthasaradhi Reddy (Founder – PhD Organic Chemistry),Strong,Strong,Strong,Strong,Strong,Moderate,95,Federer,World's largest ARV producer expanding into biosimilars — new verticals need structured ops
Natco Pharma,https://natcopharma.co.in,Hyderabad,Specialty Pharma,"Oncology APIs, finished dosages, crop sciences",Rs.200-500Cr,V C Nannapaneni (CMD – M.Pharma),Strong,Strong,Strong,Moderate,Strong,Strong,95,Federer,Niche oncology focus with complex molecule portfolio — operational precision is critical
Gland Pharma,https://glandpharma.com,Hyderabad,Specialty Biotech / Injectables,"Injectable formulations, prefilled syringes, lyophilised",>Rs.500Cr,Srinivas Sadu (MD – M.Pharma),Strong,Strong,Strong,Moderate,Strong,Strong,95,Federer,Shanghai Fosun acquisition + complex injectable expansion = operational complexity spike
Aragen Life Sciences,https://aragen.com,Hyderabad,Specialty Biotech / CRDMO,"Discovery, development & manufacturing services (CRDMO)",Rs.200-500Cr,Manni Kantipudi (CEO – PhD Chemistry),Strong,Strong,Strong,Strong,Strong,Moderate,95,Federer,CRDMO pivot from pure discovery — manufacturing scale-up demands execution frameworks
Sai Life Sciences,https://sailife.com,Hyderabad,Specialty Biotech / CDMO,"Custom synthesis, CDMO, analytical services",Rs.200-500Cr,Krishna Kanumuri (CEO – MS Chemical Engineering MIT),Strong,Strong,Strong,Strong,Strong,Strong,100,Federer,Backed by TPG; building greenfield API park at Genome Valley — ground-up ops design opportunity
Suven Pharma,https://suvenpharm.com,Hyderabad,Specialty Pharma / CDMO,"CDMO for NCEs, specialty chemicals, intermediates",Rs.200-500Cr,Venkat Jasti (Founder – PhD Organic Chemistry),Strong,Strong,Strong,Strong,Strong,Moderate,95,Federer,Demerged R&D arm; pure-play CDMO now needs lean operational systems for client delivery
MSN Laboratories,https://msnlabs.com,Hyderabad,Specialty Pharma,"APIs, intermediates, finished dosages",Rs.200-500Cr,M S N Reddy (CMD – B.Pharma),Strong,Strong,Strong,Moderate,Strong,Strong,95,Federer,Rapidly growing API portfolio with multiple USFDA-approved plants — needs structured scaling
Neuland Laboratories,https://neulandlabs.com,Hyderabad,Specialty Pharma / CMS,"Custom manufacturing (peptides, complex APIs)",Rs.100-200Cr,Sucheth Davuluri (Vice Chairman – MBA + B.Tech),Strong,Strong,Strong,Moderate,Strong,Strong,95,Federer,Peptide manufacturing capability is rare in India — differentiation + complexity = consulting fit
Virchow Biotech,https://virchowbiotech.com,Hyderabad,Specialty Biotech,"APIs, intermediates (oncology, anti-infectives)",Rs.100-200Cr,Jayaram Chigurupati (MD – M.Pharma),Strong,Strong,Strong,Moderate,Strong,Moderate,90,Federer,Family-run mid-size with ambitious expansion; classic MSME ops challenges
AIZANT Drug Research Solutions,https://aizant.com,Hyderabad,Specialty Biotech / CRDMO,"CRDMO services — drug formulation, BA/BE studies",Rs.50-100Cr,Dr D Vijay Kumar (CEO – PhD Pharmaceutics),Strong,Strong,Strong,Strong,Strong,Moderate,95,Federer,Niche CRDMO with in-house BA/BE facility — operational throughput is the bottleneck
GVK Biosciences,https://gvkbio.com,Hyderabad,Specialty Biotech / Discovery,"Discovery informatics, contract research, data management",Rs.100-200Cr,Srihari Raju Kalidindi (CEO – MS Biotech),Strong,Strong,Strong,Strong,Strong,Moderate,90,Federer,Data-heavy CRO model; PDGMS-style ops platform is a natural extension
Celkon Biologics,https://celkonbio.com,Hyderabad,Specialty Biotech,"Biosimilar development & manufacturing",Rs.50-100Cr,Y Guru (Founder – B.Tech Electronics turned biotech),Strong,Strong,Strong,Moderate,Strong,Moderate,85,Federer,Cross-industry founder (telecom → biotech); needs domain-specific ops consulting
Bharat Immunologicals and Biologicals,https://bibcol.com,Hyderabad,Specialty Biotech,"Oral Polio Vaccine (OPV), BCG",Rs.50-100Cr,Dr Rakesh Kumar (MD – PhD Microbiology),Strong,Strong,Strong,Strong,Strong,Moderate,90,Federer,Government-backed vaccine PSU; modernisation drive creates ops consulting window
Zenotech Laboratories,https://zenotechlab.com,Hyderabad,Specialty Biotech / Blood Products,"Blood products, plasma derivatives",Rs.50-100Cr,Dr G V Rao (MD – MBBS + MBA Healthcare),Strong,Strong,Strong,Strong,Strong,Moderate,90,Federer,Rare niche (blood fractionation); regulatory-heavy ops need structured workflows
Globus Medical India,https://globusmedical.com,Hyderabad,Specialty Biotech / MedTech,"Spinal implants, robotic surgical platforms",Rs.100-200Cr,Dr Ravi Naidu (India Head – MS Ortho),Strong,Strong,Strong,Strong,Strong,Moderate,90,Federer,Global MedTech expanding India manufacturing; ops transfer from US HQ = consulting opportunity
Syngene International (Hyderabad unit),https://syngeneintl.com,Hyderabad,Specialty Biotech / CRDMO,"Integrated discovery-to-manufacturing services",>Rs.500Cr,Jonathan Hunt (CEO – PhD Organic Chemistry),Strong,Strong,Strong,Strong,Strong,Moderate,95,Federer,Biocon subsidiary with dedicated Hyd manufacturing; multi-client CDMO ops need execution systems
Pernix Therapeutics India,https://pernixtherapeutics.com,Hyderabad,Specialty Pharma,"Specialty CNS & pain formulations",Rs.50-100Cr,Dr S Nagarajan (India Head – PhD Pharmaceutics),Strong,Strong,Strong,Strong,Strong,Moderate,90,Federer,Niche CNS/pain formulations for US market manufactured in Hyderabad; quality ops = growth lever
